ID,p_churn
yrhdgfy_1440,0.026727391720549807
yrhdgfy_3283,0.7674115710124698
yrhdgfy_3238,0.14915065660892948
yrhdgfy_5463,0.45551093188486497
yrhdgfy_4764,0.03755491941553069
yrhdgfy_6751,0.7448572240015402
yrhdgfy_4571,0.6037876972290988
yrhdgfy_3979,0.10189260071410204
yrhdgfy_6931,0.0004111592664608568
yrhdgfy_2642,0.6009777924402196
yrhdgfy_3082,0.297174866922899
yrhdgfy_2283,0.027495168018499574
yrhdgfy_1670,0.3375079638812552
yrhdgfy_4527,0.7827654340623352
yrhdgfy_6286,0.2554147957353071
yrhdgfy_1488,0.0642382735502581
yrhdgfy_7124,0.017037308977655378
yrhdgfy_3139,0.7560193530253113
yrhdgfy_7504,0.31986680331030776
yrhdgfy_6359,0.11417700606654248
yrhdgfy_7532,0.8186914005651881
yrhdgfy_2245,0.4218150520809426
yrhdgfy_2618,0.003069734262513515
yrhdgfy_6085,0.011347132141733234
yrhdgfy_6392,0.3714694587756429
yrhdgfy_4988,0.3343779572010031
yrhdgfy_1764,0.6143226518763972
yrhdgfy_7128,0.7175611471288957
yrhdgfy_7056,0.02878091339743185
yrhdgfy_6550,0.8751985376331988
yrhdgfy_2841,0.5944964635282804
yrhdgfy_7982,0.5459505848898822
yrhdgfy_5348,0.0011867655281127417
yrhdgfy_4556,0.013300880975128212
yrhdgfy_1349,0.8913562063227778
yrhdgfy_4627,0.3323190200801171
yrhdgfy_1953,0.7167548855179126
yrhdgfy_4710,0.00019530512633821406
yrhdgfy_7636,0.9215420977883466
yrhdgfy_3491,0.19925767455141102
yrhdgfy_5855,0.01206690539674999
yrhdgfy_3522,0.8912576865842994
yrhdgfy_6403,0.6255934903442968
yrhdgfy_2523,0.18214965111727321
yrhdgfy_4715,0.10004644758066943
yrhdgfy_1883,0.6159324095601355
yrhdgfy_4513,0.85209753545121
yrhdgfy_7117,0.36506092583530775
yrhdgfy_4286,0.0038950314352912
yrhdgfy_1526,0.5547434373495884
yrhdgfy_2038,0.008273409912112364
yrhdgfy_3249,0.7670552193598549
yrhdgfy_7143,0.3078188182680621
yrhdgfy_5033,0.39625511342665354
yrhdgfy_3258,0.468725041936196
yrhdgfy_7307,0.8061965412405409
yrhdgfy_6968,0.09953656731916785
yrhdgfy_6617,0.11796259528296504
yrhdgfy_6604,0.14533103299036879
yrhdgfy_3469,0.003982750523406431
yrhdgfy_5917,0.02363736105596664
yrhdgfy_6089,0.002521048439990732
yrhdgfy_1891,0.37283626909610884
yrhdgfy_1126,0.3371664985708453
yrhdgfy_4411,0.4281703641367009
yrhdgfy_4365,0.6221249546877174
yrhdgfy_8014,0.3369784220669239
yrhdgfy_4161,0.3644455925244197
yrhdgfy_6971,0.29491637195479087
yrhdgfy_6303,0.8448102270046126
yrhdgfy_5764,0.0013346451979156712
yrhdgfy_5444,0.003984424974890986
yrhdgfy_1293,0.6914963218928893
yrhdgfy_5123,0.264204502285293
yrhdgfy_4707,0.08944029833637307
yrhdgfy_2721,0.14041413138792314
yrhdgfy_6205,0.16220667999926153
yrhdgfy_2475,0.6272181059947715
yrhdgfy_4220,0.19651488754462895
yrhdgfy_5533,0.023372351215882322
yrhdgfy_4214,0.06378555296220069
yrhdgfy_2019,0.016515570278387084
yrhdgfy_2580,0.4362661387170459
yrhdgfy_1645,0.8878140709711636
yrhdgfy_5773,0.022427150749384207
yrhdgfy_4859,0.44716030773902
yrhdgfy_7317,0.8318535576340423
yrhdgfy_4188,0.7621034329815211
yrhdgfy_5597,0.6644033242571384
yrhdgfy_7481,0.1147969674891718
yrhdgfy_4978,0.6605794278245185
yrhdgfy_2464,0.41326940792697914
yrhdgfy_3271,0.0008898595202317744
yrhdgfy_3002,0.6847176391889727
yrhdgfy_3364,0.668878850570661
yrhdgfy_5731,0.04191782198290157
yrhdgfy_7484,0.6009270566257331
yrhdgfy_7945,0.009773901475582927
yrhdgfy_2337,0.8464156063757101
yrhdgfy_6153,0.1909522499621213
yrhdgfy_3451,0.8342469057317297
yrhdgfy_3234,0.7268253950886747
yrhdgfy_1206,0.6266885029544359
yrhdgfy_2647,0.3780028124666298
yrhdgfy_2017,0.358508649170303
yrhdgfy_7617,0.00019530512633821406
yrhdgfy_6713,0.11774874495985159
yrhdgfy_2156,0.08141752103328584
yrhdgfy_7335,0.10591761854389709
yrhdgfy_4607,0.045794311992655254
yrhdgfy_2079,0.007853432194779408
yrhdgfy_4981,0.7628190103790954
yrhdgfy_4169,0.4062669709163879
yrhdgfy_7136,0.6817384951259777
yrhdgfy_1188,0.7274527289758312
yrhdgfy_5689,0.04431842480615705
yrhdgfy_4519,0.7204841713969409
yrhdgfy_2178,0.5876429502632606
yrhdgfy_2609,0.12466723578192884
yrhdgfy_2656,0.023278528512539653
yrhdgfy_3183,0.07663905098719484
yrhdgfy_2810,0.8669419090189047
yrhdgfy_3295,0.03065377920451555
yrhdgfy_2563,0.05753159202804298
yrhdgfy_6396,0.8886725496486356
yrhdgfy_7211,0.02344529078030567
yrhdgfy_2990,0.5268072063269329
yrhdgfy_6208,0.3789769116227281
yrhdgfy_4795,0.6906161455089879
yrhdgfy_5196,0.16811488230494073
yrhdgfy_7391,0.5029044528927552
yrhdgfy_6210,0.4417367890397248
yrhdgfy_1678,0.2507127756550069
yrhdgfy_1303,0.2460071264541899
yrhdgfy_6096,0.05705655817552261
yrhdgfy_7194,0.2527604748161095
yrhdgfy_3262,0.05361689029355559
yrhdgfy_5805,0.22440890343132566
yrhdgfy_5234,0.018620114851061284
yrhdgfy_1405,0.3509973505017826
yrhdgfy_2039,0.1163091078196373
yrhdgfy_8005,0.07974860900152786
yrhdgfy_1750,0.7310807520108956
yrhdgfy_3376,0.12832988472993204
yrhdgfy_4722,0.00889783847495814
yrhdgfy_3746,0.10864719319922453
yrhdgfy_3758,0.07530155363388262
yrhdgfy_1113,0.5147857363177388
yrhdgfy_2804,0.557877351658446
yrhdgfy_2187,0.5070177539577045
yrhdgfy_3684,0.08095065106852417
yrhdgfy_5082,0.6759228084119111
yrhdgfy_7242,0.2079985228447177
yrhdgfy_4239,0.35582361988952504
yrhdgfy_6101,0.8948894352489617
yrhdgfy_3386,0.46871137568100446
yrhdgfy_5785,0.7231427546297622
yrhdgfy_1183,0.5928477202128821
yrhdgfy_4047,0.7303063767924237
yrhdgfy_3524,0.621805111146294
yrhdgfy_5858,0.1301191486082263
yrhdgfy_3146,0.11097361236820123
yrhdgfy_5204,0.0006622845096094878
yrhdgfy_2858,0.00032974368980169397
yrhdgfy_4185,0.14316668193723375
yrhdgfy_4724,0.2596304769634877
yrhdgfy_7574,0.10803715550975802
yrhdgfy_4243,0.34426457049702996
yrhdgfy_4362,0.0577444363404193
yrhdgfy_5155,0.04680330737091463
yrhdgfy_5574,0.6063536265299099
yrhdgfy_3197,0.943830483491552
yrhdgfy_2795,0.18130203180138738
yrhdgfy_3529,0.23452331452205177
yrhdgfy_1198,0.6202722045394008
yrhdgfy_1561,0.5905762070739193
yrhdgfy_6674,0.002489560622724201
yrhdgfy_3652,0.003154940927495322
yrhdgfy_3593,0.547167013009459
yrhdgfy_5049,0.2388662926274714
yrhdgfy_2546,0.7171944551561797
yrhdgfy_6037,0.31747964163825637
yrhdgfy_5157,0.862831495083016
yrhdgfy_1226,0.42118955233475336
yrhdgfy_3341,0.0004078463029814278
yrhdgfy_7922,0.4748539853502267
yrhdgfy_1345,0.11159080122646721
yrhdgfy_8004,0.5662263134680534
yrhdgfy_1910,0.34217327730132685
yrhdgfy_7073,0.052774815014620814
yrhdgfy_3926,0.26945296936343843
yrhdgfy_8019,0.5354414769446372
yrhdgfy_3689,0.7028337112851852
yrhdgfy_7495,0.011935866713658632
yrhdgfy_3934,0.6371757296225066
yrhdgfy_4467,0.5847243646735488
yrhdgfy_7458,0.39798568475911367
yrhdgfy_6622,0.41620084596837265
yrhdgfy_3853,0.5137531955819706
yrhdgfy_3105,0.5021420928357703
yrhdgfy_5439,0.2812790993888998
yrhdgfy_4237,0.001512643604827597
yrhdgfy_4947,0.02946383643625158
yrhdgfy_4673,0.05584135040167298
yrhdgfy_6598,0.21312627557497804
yrhdgfy_6083,0.17411513026477524
yrhdgfy_5926,0.18220857255229245
yrhdgfy_4210,0.22022673658839295
yrhdgfy_4379,0.4129993103868069
yrhdgfy_6733,0.01923949804806848
yrhdgfy_5143,0.3308412763348031
yrhdgfy_5164,0.650592586509793
yrhdgfy_4834,0.32265059152835995
yrhdgfy_2350,0.02128929534994939
yrhdgfy_1012,0.07058681900652426
yrhdgfy_6016,0.5221181539016728
yrhdgfy_2095,0.021669343558567356
yrhdgfy_5464,0.664884343945692
yrhdgfy_6384,0.6715174905706417
yrhdgfy_4802,0.15985422229911145
yrhdgfy_5699,0.3528425306385721
yrhdgfy_3917,0.228372650067538
yrhdgfy_5540,0.44826251744804657
yrhdgfy_2557,0.060444351630440006
yrhdgfy_6253,0.7395452640364577
yrhdgfy_2383,0.19283030746456692
yrhdgfy_5227,0.01652735604804916
yrhdgfy_5555,0.1165978932287487
yrhdgfy_6136,0.813400154185877
yrhdgfy_1355,0.8567116824352776
yrhdgfy_2447,0.19519192497230692
yrhdgfy_4921,0.6862371905825303
yrhdgfy_5758,0.5553449184109919
yrhdgfy_3649,0.03152152892040319
yrhdgfy_3278,0.8825458229455948
yrhdgfy_4758,0.8847816760482691
yrhdgfy_7856,0.5064814447560213
yrhdgfy_1153,0.5223310977571745
yrhdgfy_4177,0.1554802888992441
yrhdgfy_5870,0.6860845018266634
yrhdgfy_4046,0.8387755811564227
yrhdgfy_4175,0.6240339034434251
yrhdgfy_5382,0.09244120493206492
yrhdgfy_5536,0.12539839307394313
yrhdgfy_4360,0.6110738650976032
yrhdgfy_3546,0.5377766318224004
yrhdgfy_6363,0.6769103411379384
yrhdgfy_7271,0.065929979276246
yrhdgfy_1996,0.028507991774765238
yrhdgfy_5073,0.5795328854820175
yrhdgfy_2769,0.007271994806908297
yrhdgfy_5025,0.11984823528435659
yrhdgfy_2451,0.0608085539857278
yrhdgfy_7723,0.04222293223261253
yrhdgfy_6512,0.47325655393884103
yrhdgfy_7734,0.0068837632994082874
yrhdgfy_4739,0.06344806514819028
yrhdgfy_6800,0.3352261549079241
yrhdgfy_6672,0.4167289162738749
yrhdgfy_3863,0.41939553960568654
yrhdgfy_4827,0.5636166553108062
yrhdgfy_3970,0.1988053603233426
yrhdgfy_1717,0.0020379796333585714
yrhdgfy_5679,0.3272121481899175
yrhdgfy_3914,0.7826716384876383
yrhdgfy_5656,0.17597270484294844
yrhdgfy_1495,0.6094004952115051
yrhdgfy_2324,0.06844728486265464
yrhdgfy_4672,0.4878447347980188
yrhdgfy_6655,0.6585584417729532
yrhdgfy_7780,0.6004422399612566
yrhdgfy_5150,0.004933443800055234
yrhdgfy_4851,0.431289449345007
yrhdgfy_7152,0.5723145136903086
yrhdgfy_4900,0.041850784145890156
yrhdgfy_6812,0.7793561387140787
yrhdgfy_3370,0.8289440312628239
yrhdgfy_3222,0.6266333573604755
yrhdgfy_3400,0.9258486357995108
yrhdgfy_1522,0.20921670817889232
yrhdgfy_4508,0.665149857879255
yrhdgfy_6015,0.13876785779389209
yrhdgfy_1688,0.6610625638194763
yrhdgfy_4815,0.034073747335909586
yrhdgfy_5989,0.6597337291129993
yrhdgfy_3297,0.7912901105262216
yrhdgfy_6009,0.41845202206665666
yrhdgfy_4668,0.1174813861943163
yrhdgfy_3158,0.6914911290021963
yrhdgfy_6490,0.019918787244285335
yrhdgfy_5820,0.5936374819357619
yrhdgfy_2222,0.21100268793834548
yrhdgfy_5209,0.0234882580817983
yrhdgfy_6070,0.13353436011408099
yrhdgfy_5320,0.11539281073902236
yrhdgfy_3489,0.4154096112457791
yrhdgfy_1898,0.5699352185612329
yrhdgfy_1583,0.044433962148598134
yrhdgfy_1689,0.024773481213724673
yrhdgfy_7526,0.1625722604660222
yrhdgfy_4469,0.016488452165251986
yrhdgfy_6718,0.37809403237079064
yrhdgfy_3905,0.7086507861623813
yrhdgfy_4320,0.08290162832663964
yrhdgfy_7182,0.8708135357840653
yrhdgfy_7060,0.4120993799488767
yrhdgfy_2346,0.09673545266617833
yrhdgfy_5021,0.17623131356952693
yrhdgfy_3677,0.33300209077633774
yrhdgfy_2319,0.1262353051379186
yrhdgfy_1305,0.7955464465537438
yrhdgfy_7018,0.6900861132298352
yrhdgfy_2587,0.15498126146687294
yrhdgfy_4973,0.1483624253266608
yrhdgfy_5163,0.18148473017773867
yrhdgfy_4901,0.021530069839381393
yrhdgfy_6487,0.13969387621038495
yrhdgfy_7460,0.18488417583934766
yrhdgfy_2893,0.429788866066042
yrhdgfy_4148,0.8025091672368563
yrhdgfy_3702,0.6597963489970737
yrhdgfy_7311,0.7523172026998944
yrhdgfy_4219,0.6563384362622212
yrhdgfy_3852,0.1324362908174882
yrhdgfy_8036,0.47274118706072227
yrhdgfy_2555,0.10067350368304943
yrhdgfy_4697,0.21280720111110873
yrhdgfy_5256,0.7017041419877892
yrhdgfy_1897,0.16856526533376354
yrhdgfy_7439,0.0146806322148279
yrhdgfy_3895,0.4658052817368368
yrhdgfy_3008,0.3756132363149712
yrhdgfy_6473,0.061378688797222324
yrhdgfy_2130,0.14538321174940047
yrhdgfy_6184,0.0057426362673529486
yrhdgfy_5411,0.03667278954468233
yrhdgfy_2073,0.7376212799644861
yrhdgfy_5987,0.2296572807696468
yrhdgfy_6889,0.001191087480736011
yrhdgfy_4158,0.004996374118472807
yrhdgfy_3918,0.0034608159856026953
yrhdgfy_1812,0.9082789630818162
yrhdgfy_6626,0.25963317172679573
yrhdgfy_5728,0.45168721872308626
yrhdgfy_7751,0.9272168768555268
yrhdgfy_7948,0.08707191167565399
yrhdgfy_7954,0.011596856726955887
yrhdgfy_2512,0.6504265192871337
yrhdgfy_5426,0.28727023803171314
yrhdgfy_2091,0.7332984817595204
yrhdgfy_7101,0.22601774166762634
yrhdgfy_4847,0.25861452296235155
yrhdgfy_8039,0.23741990564517138
yrhdgfy_6905,0.306104365927739
yrhdgfy_6831,0.001052532526841247
yrhdgfy_4323,0.3454135377660115
yrhdgfy_4821,0.2627436694864043
yrhdgfy_3583,0.707221452716395
yrhdgfy_5603,0.22427185435668487
yrhdgfy_3801,0.8529792618341726
yrhdgfy_2854,0.8103703689098727
yrhdgfy_6728,0.08922742183700727
yrhdgfy_5011,0.1663597848097749
yrhdgfy_4754,0.2520023949529464
yrhdgfy_4294,0.17985737442645477
yrhdgfy_7540,0.19217482852391782
yrhdgfy_3964,0.3619959313581967
yrhdgfy_2126,0.11984694358048012
yrhdgfy_5116,0.005677966440118832
yrhdgfy_3322,0.7162684704901413
yrhdgfy_6978,0.7529710964564355
yrhdgfy_5476,0.7713270966855941
yrhdgfy_1771,0.5935509778638506
yrhdgfy_5154,0.5560642610870444
yrhdgfy_3714,0.4217394698006751
yrhdgfy_7078,0.2337241265997155
yrhdgfy_4440,0.23773869628433128
yrhdgfy_1314,0.5611033674031319
yrhdgfy_3427,0.32085868899401554
yrhdgfy_2240,0.016508923074723795
yrhdgfy_4401,0.24328482911631263
yrhdgfy_7233,0.5689517170314957
yrhdgfy_6518,0.013542811028855668
yrhdgfy_5168,0.7360572980357498
yrhdgfy_2581,0.41652630346227715
yrhdgfy_6515,0.33340610742085075
yrhdgfy_7349,0.40392037144913695
yrhdgfy_6171,0.8315188961146689
yrhdgfy_7660,0.012956192725434416
yrhdgfy_1054,0.635759537282895
yrhdgfy_3067,0.05881667336767478
yrhdgfy_1803,0.12998380000669157
yrhdgfy_1017,0.6333996147884774
yrhdgfy_1887,0.06333565949354418
yrhdgfy_7111,0.3740453045655409
yrhdgfy_5669,0.050773793160827814
yrhdgfy_7386,0.03857721826798412
yrhdgfy_6452,0.09893095352970101
yrhdgfy_1952,0.0004078463029814278
yrhdgfy_2552,0.754751750167653
yrhdgfy_2696,0.03137548909859466
yrhdgfy_5188,0.252687983584639
yrhdgfy_2651,0.3279999628618097
yrhdgfy_3694,0.3599824477992473
yrhdgfy_2291,0.06568029938384358
yrhdgfy_3795,0.2908279167113852
yrhdgfy_1661,0.019830716556650384
yrhdgfy_6845,0.43583194937188136
yrhdgfy_5950,0.7816811604171375
yrhdgfy_7750,0.10682772803273768
yrhdgfy_6618,0.5467998163706882
yrhdgfy_5813,0.6654009804913394
yrhdgfy_5667,0.7386142968358504
yrhdgfy_5859,0.5808945193414033
yrhdgfy_4747,0.2562765260637597
yrhdgfy_1010,0.346662931957364
yrhdgfy_6739,0.5763799020117361
yrhdgfy_6042,0.8840367311986658
yrhdgfy_4793,0.051630790900971765
yrhdgfy_3293,0.5089107545438912
yrhdgfy_1186,0.18192559757266918
yrhdgfy_6590,0.31719817679224366
yrhdgfy_2040,0.6439076136021429
yrhdgfy_4254,0.4962433889578762
yrhdgfy_3704,0.007578141638737327
yrhdgfy_1763,0.5806778557438563
yrhdgfy_7327,0.7237606368137899
yrhdgfy_6678,0.7175079022989854
yrhdgfy_1168,0.01938347878526455
yrhdgfy_3596,0.0006237004431040705
yrhdgfy_1407,0.01550115354202912
yrhdgfy_6169,0.2578011778954945
yrhdgfy_7107,0.058102448433642886
yrhdgfy_4960,0.22216847815350713
yrhdgfy_5284,0.19219861431614738
yrhdgfy_7193,0.8875466326151945
yrhdgfy_1835,0.15792774335580415
yrhdgfy_1808,0.09471756969032491
yrhdgfy_6776,0.15380164589280915
yrhdgfy_2560,0.34788842546852544
yrhdgfy_7130,0.30035517565764924
yrhdgfy_7888,0.5959238725633061
yrhdgfy_3091,0.11177463098438607
yrhdgfy_6237,0.3114844943378209
yrhdgfy_5262,0.24895896442364057
yrhdgfy_1686,0.40617323989718995
yrhdgfy_3475,0.02954450396076526
yrhdgfy_2165,0.06441962553654035
yrhdgfy_3142,0.5770347805676395
yrhdgfy_3971,0.7030978439664263
yrhdgfy_4801,0.7120784089771035
yrhdgfy_4772,0.032328522056663936
yrhdgfy_7976,0.2794170571197851
yrhdgfy_5478,0.49090997728710933
yrhdgfy_7577,0.892869659168
yrhdgfy_2280,0.014834061308337188
yrhdgfy_7210,0.5711077772600031
yrhdgfy_1746,0.008781790705018408
yrhdgfy_3141,0.022887137643748036
yrhdgfy_6894,0.5100333229429604
yrhdgfy_5308,0.015282402511884507
yrhdgfy_3207,0.17336223388625072
yrhdgfy_3470,0.4685665072720633
yrhdgfy_4115,0.06897960070615727
yrhdgfy_7738,0.0030575442768180816
yrhdgfy_2759,0.17796400858878497
yrhdgfy_3037,0.1532147205649147
yrhdgfy_1544,0.45570676992272313
yrhdgfy_5632,0.07034069554093136
yrhdgfy_2257,0.1316963772141375
yrhdgfy_7789,0.378709590694726
yrhdgfy_7949,0.3327167701327892
yrhdgfy_1799,0.2729420000583067
yrhdgfy_5031,0.2180609517488962
yrhdgfy_5213,0.12997559593598648
yrhdgfy_7426,0.0006007578141942273
yrhdgfy_3579,0.3932912098247902
yrhdgfy_3281,0.5806928374009291
yrhdgfy_1456,0.6236603356621667
yrhdgfy_2890,0.5817171157793857
yrhdgfy_4557,0.7918500718132752
yrhdgfy_4296,0.43424430249617746
yrhdgfy_6807,0.0006007578141942273
yrhdgfy_3611,0.4569277586325442
yrhdgfy_2571,0.7417840164282107
yrhdgfy_3916,0.026626241246257322
yrhdgfy_3354,0.05715820784492043
yrhdgfy_2849,0.018097389521249653
yrhdgfy_2086,0.8689810728248627
yrhdgfy_7209,0.4388158974304376
yrhdgfy_1629,0.5350091960663083
yrhdgfy_4650,0.7115086204746804
yrhdgfy_3813,0.19887674520748014
yrhdgfy_6719,0.6853189972441205
yrhdgfy_2036,0.002489560622724201
yrhdgfy_7892,0.8197282597258427
yrhdgfy_6319,0.37540104743848973
yrhdgfy_1482,0.4884214738649562
yrhdgfy_1347,0.015233032400476824
yrhdgfy_5267,0.6850487091291151
yrhdgfy_4112,0.09622541030221439
yrhdgfy_6358,0.5457502876918519
yrhdgfy_2384,0.6731583490597065
yrhdgfy_1987,0.001052532526841247
yrhdgfy_1660,0.15061288086320165
yrhdgfy_1353,0.03449073835728381
yrhdgfy_5489,0.29449740388164986
yrhdgfy_5041,0.08321311941487315
yrhdgfy_4641,0.47375083438429205
yrhdgfy_2700,0.06539090329399568
yrhdgfy_1936,0.9102831432773371
yrhdgfy_5269,0.2112782141250786
yrhdgfy_1624,0.20618565098171993
yrhdgfy_2709,0.10091972384309932
yrhdgfy_4840,0.5667640511351716
yrhdgfy_7967,0.1990042396916084
yrhdgfy_4991,0.15279596460678252
yrhdgfy_2884,0.31930332452089694
yrhdgfy_4877,0.6594127450863719
yrhdgfy_3332,0.2796826257330971
yrhdgfy_7728,0.14371708422369
yrhdgfy_5425,0.4491717835568439
yrhdgfy_4120,0.26540612727179963
yrhdgfy_6197,0.6127658936726825
yrhdgfy_5405,0.14841486710719093
yrhdgfy_1988,0.5928520256132671
yrhdgfy_5630,0.29932661498666696
yrhdgfy_1104,0.39337541430228706
yrhdgfy_2391,0.31354996623663023
yrhdgfy_5117,0.001191087480736011
yrhdgfy_3121,0.6365246428027281
yrhdgfy_2657,0.07378222583726686
yrhdgfy_7295,0.42666373886010867
yrhdgfy_4994,0.8239242952632566
yrhdgfy_5530,0.286469738934636
yrhdgfy_7422,0.29093275200080254
yrhdgfy_3289,0.2501678376626199
yrhdgfy_4380,0.007109632468217722
yrhdgfy_7729,0.7649709795265713
yrhdgfy_5743,0.41156441885758577
yrhdgfy_7145,0.27483925657477654
yrhdgfy_7248,0.15632916560165802
yrhdgfy_1683,0.8653996230291322
yrhdgfy_5673,0.20906594487237762
yrhdgfy_7177,0.6960497923292753
yrhdgfy_2354,0.053901867649811024
yrhdgfy_2847,0.1521645784199892
yrhdgfy_3707,0.10789605822751848
yrhdgfy_5481,0.6670152245899019
yrhdgfy_3512,0.00983212532673302
yrhdgfy_5174,0.05001447479515537
yrhdgfy_5980,0.0025962263152185285
yrhdgfy_2026,0.6061231521589974
yrhdgfy_4544,0.19458717862470543
yrhdgfy_1457,0.0075271840930604544
yrhdgfy_5651,0.7689499703796752
yrhdgfy_4053,0.7471531127904144
yrhdgfy_2522,0.7077435383696848
yrhdgfy_1961,0.20203180612277888
yrhdgfy_5575,0.6339818045844231
yrhdgfy_1318,0.3307808668371115
yrhdgfy_7799,0.38076219890055657
yrhdgfy_1981,0.44603389602785104
yrhdgfy_3698,0.19676913204183175
yrhdgfy_1794,0.24193683114417633
yrhdgfy_1159,0.6340578078132139
yrhdgfy_7512,0.7873015595868611
yrhdgfy_1263,0.8398566871212904
yrhdgfy_3519,0.8139254087837802
yrhdgfy_4010,0.6428416400864485
yrhdgfy_1269,0.010161886041751132
yrhdgfy_2777,0.6469672686975209
yrhdgfy_1885,0.8219656921770209
yrhdgfy_4568,0.6654429311030705
yrhdgfy_7273,0.0031964596527116126
yrhdgfy_6588,0.20873304761654077
yrhdgfy_4790,0.5049109206494088
yrhdgfy_1479,0.2913794380792421
yrhdgfy_7797,0.013550520158114173
yrhdgfy_7429,0.1472264278523333
yrhdgfy_4780,0.0008748256862527016
yrhdgfy_7560,0.7235083338811069
yrhdgfy_3984,0.0075194729511316805
yrhdgfy_2332,0.010123829606015211
yrhdgfy_2763,0.09813768568628158
yrhdgfy_4659,0.1095078424971863
yrhdgfy_7973,0.8695726607348405
yrhdgfy_6563,0.17794030047388676
yrhdgfy_2912,0.014265480180023962
yrhdgfy_2043,0.6899234624145133
yrhdgfy_7542,0.31394685084586754
yrhdgfy_6825,0.5478345039280214
yrhdgfy_6051,0.43725723439105574
yrhdgfy_7994,0.837576695205222
yrhdgfy_2786,0.8796870076617908
yrhdgfy_6081,0.1431097618008047
yrhdgfy_3157,0.0014991744712435713
yrhdgfy_7076,0.020249238606712607
yrhdgfy_6186,0.48155126230578665
yrhdgfy_2443,0.010488205893394293
yrhdgfy_7653,0.24027050770759834
yrhdgfy_7841,0.7116502806874458
yrhdgfy_1076,0.0038381507106437706
yrhdgfy_1527,0.752144765497863
yrhdgfy_1088,0.8187952886003722
yrhdgfy_5751,0.020748245866529794
yrhdgfy_6273,0.19162681494417824
yrhdgfy_2886,0.41304307888485536
yrhdgfy_7677,0.20456897792640202
yrhdgfy_5169,0.006530052978731979
yrhdgfy_1215,0.05203783195636258
yrhdgfy_6620,0.265639588143449
yrhdgfy_2253,0.1385303981769152
yrhdgfy_5795,0.34852973478358446
yrhdgfy_3018,0.1883429609323585
yrhdgfy_2454,0.2150120159197481
yrhdgfy_4443,0.010192524099533107
yrhdgfy_1490,0.01713118314576495
yrhdgfy_7626,0.9442500486148449
yrhdgfy_5068,0.5377953004843766
yrhdgfy_6372,0.05560004448718012
yrhdgfy_4090,0.8909426027931215
yrhdgfy_4913,0.665716706108253
yrhdgfy_5636,0.00425190861624026
yrhdgfy_1450,0.027243936973034337
yrhdgfy_7160,0.28603891401354664
yrhdgfy_7682,0.04378331721647552
yrhdgfy_4730,0.9112658370876159
yrhdgfy_2217,0.6697287667199506
yrhdgfy_3930,0.9137332484822603
yrhdgfy_4959,0.8446803838683296
yrhdgfy_1027,0.16313192469173537
yrhdgfy_6600,0.5764216095370771
yrhdgfy_5657,0.023440294938696298
yrhdgfy_2084,0.7744234569186764
yrhdgfy_3424,0.24747698317487155
yrhdgfy_7162,0.11106211252186052
yrhdgfy_1756,0.046758294788704816
yrhdgfy_5299,0.22789680862963935
yrhdgfy_1903,0.31735213445788774
yrhdgfy_6425,0.015367649760897788
yrhdgfy_1925,0.747559520231259
yrhdgfy_4770,0.09878861940504072
yrhdgfy_7693,0.12142573329396589
yrhdgfy_1674,0.055536089252156653
yrhdgfy_7114,0.5873997032286078
yrhdgfy_4371,0.3671406263513894
yrhdgfy_3800,0.9071746599702766
yrhdgfy_6103,0.7879163707398209
yrhdgfy_1969,0.1456926804274432
yrhdgfy_6094,0.3677380011484636
yrhdgfy_1718,0.4079273910749068
yrhdgfy_4675,0.13700355287848026
yrhdgfy_6502,0.7711485535809716
yrhdgfy_2699,0.8979977663011334
yrhdgfy_1534,0.003934091147527561
yrhdgfy_3493,0.17394484174887692
yrhdgfy_1461,0.21416968499937453
yrhdgfy_1431,0.6190111199220971
yrhdgfy_3282,0.01660902787067535
yrhdgfy_3380,0.24084981987794013
yrhdgfy_5511,0.04015430385681012
yrhdgfy_3986,0.008506344799437618
yrhdgfy_2832,0.8389791188096644
yrhdgfy_4378,0.00019530512633821406
yrhdgfy_5856,0.2430823546567082
yrhdgfy_4626,0.5417720997749864
yrhdgfy_6465,0.1262314757480957
yrhdgfy_5343,0.41827235938001334
yrhdgfy_5452,0.19945935101523563
yrhdgfy_2263,0.6106748798692404
yrhdgfy_7266,0.16434998117380933
yrhdgfy_1157,0.09079138853947899
yrhdgfy_4517,0.16536985986172745
yrhdgfy_4867,0.7290250208789615
yrhdgfy_4039,0.051787736877895126
yrhdgfy_3823,0.05738057155856868
yrhdgfy_1021,0.31069377890774674
yrhdgfy_1786,0.7036955380908678
yrhdgfy_7596,0.14635431676673255
yrhdgfy_4995,0.010174071213032109
yrhdgfy_2065,0.2054982043866545
yrhdgfy_7358,0.1996375897933849
yrhdgfy_3666,0.2878895254118803
yrhdgfy_7366,0.7419816461834221
yrhdgfy_6721,0.7714310309707091
yrhdgfy_7188,0.4601635089423567
yrhdgfy_5516,0.025837880246496064
yrhdgfy_3712,0.578309896724125
yrhdgfy_4667,0.4464859883999224
yrhdgfy_7334,0.13870195157000176
yrhdgfy_3667,0.1834694501901945
yrhdgfy_4726,0.04715565797322191
yrhdgfy_5229,0.8778536535744225
yrhdgfy_6658,0.01435136959571647
yrhdgfy_1871,0.2709552470218843
yrhdgfy_5725,0.15369795378491682
yrhdgfy_4072,0.08520796258814924
yrhdgfy_2805,0.14272630646690415
yrhdgfy_3690,0.46928904418132894
yrhdgfy_6703,0.6912628556587948
yrhdgfy_6221,0.14742007366538565
yrhdgfy_4696,0.10202051928540118
yrhdgfy_2157,0.0198248418610921
yrhdgfy_6574,0.21878947326265338
yrhdgfy_7878,0.00648236115170072
yrhdgfy_7522,0.20403913332334478
yrhdgfy_1116,0.6655137854802738
yrhdgfy_3509,0.0
yrhdgfy_3220,0.043542528906432884
yrhdgfy_3756,0.882624576070535
yrhdgfy_2108,0.8407822876524527
yrhdgfy_1379,0.7718813782471784
yrhdgfy_2404,0.8029926125819823
yrhdgfy_7347,0.564741073740752
yrhdgfy_7855,0.17055499542424996
yrhdgfy_6638,0.36397090779374947
yrhdgfy_6880,0.34885212974163904
yrhdgfy_2248,0.668655181719163
yrhdgfy_7025,0.10669746977513156
yrhdgfy_6930,0.008868084930264863
yrhdgfy_6927,0.0004111592664608568
yrhdgfy_5573,0.07856407057380116
yrhdgfy_2995,0.6877704796095493
yrhdgfy_3502,0.14688600372240374
yrhdgfy_7631,0.5850009640387936
yrhdgfy_2449,0.6699625131559447
yrhdgfy_4839,0.05401824187571568
yrhdgfy_6613,0.8851440432877069
yrhdgfy_4034,0.5742326590218224
yrhdgfy_2146,0.24014894587630617
yrhdgfy_1472,0.45008658896165143
yrhdgfy_5230,0.03862619901097462
yrhdgfy_4539,0.8323225770982616
yrhdgfy_7448,0.5799679679487599
yrhdgfy_4093,0.727633837423842
yrhdgfy_4540,0.18130918682974567
yrhdgfy_7850,0.3366155583978174
yrhdgfy_7659,0.005273668021316774
yrhdgfy_3763,0.006303033866273708
yrhdgfy_4685,0.8691971472975024
yrhdgfy_5936,0.4098015325581973
yrhdgfy_4315,0.48053453698996795
yrhdgfy_6006,0.7808832998332146
yrhdgfy_4451,0.24007887002305567
yrhdgfy_1657,0.2844546458169779
yrhdgfy_3496,0.8858043825032083
yrhdgfy_5219,0.016342727767904228
yrhdgfy_6724,0.070900088680316
yrhdgfy_3891,0.8393132960480727
yrhdgfy_4102,0.047994307128391964
yrhdgfy_3745,0.04068018447545241
yrhdgfy_5784,0.0047858604787406585
yrhdgfy_8027,0.37532109247208567
yrhdgfy_3985,0.001811832954267617
yrhdgfy_4550,0.02840903747545928
yrhdgfy_5278,0.30910827207811037
yrhdgfy_4806,0.12616214037732076
yrhdgfy_4290,0.5095518107531806
yrhdgfy_1167,0.02018233492539301
yrhdgfy_3871,0.644036092260961
yrhdgfy_2549,0.023936689913888514
yrhdgfy_6946,0.9296144505002911
yrhdgfy_7396,0.5114095925441293
yrhdgfy_5142,0.7386400696003684
yrhdgfy_7901,0.42583292954231
yrhdgfy_7977,0.5357263904798889
yrhdgfy_6415,0.14037321134048103
yrhdgfy_6069,0.13893711335438438
yrhdgfy_1939,0.15133737178210033
yrhdgfy_6122,0.6727649856396293
yrhdgfy_4909,0.9177058019677463
yrhdgfy_4397,0.10703004128638106
yrhdgfy_3653,0.5101391208826676
yrhdgfy_4766,0.8496891051196062
yrhdgfy_5736,0.6078728252928823
yrhdgfy_7342,0.4005523812757213
yrhdgfy_5393,0.18395059956574533
yrhdgfy_3922,0.11746813049252872
yrhdgfy_6595,0.024749455998416988
yrhdgfy_2741,0.12957554130666366
yrhdgfy_1869,0.078868687999962
yrhdgfy_1703,0.0623206260250513
yrhdgfy_4908,0.49005576863619466
yrhdgfy_2292,0.06496444044908527
yrhdgfy_3571,0.016745759308248793
yrhdgfy_3786,0.5485780908398751
yrhdgfy_2778,0.31908904841307073
yrhdgfy_3732,0.9193485804802206
yrhdgfy_5064,0.34394558617514837
yrhdgfy_2589,0.19863098973930696
yrhdgfy_6554,0.0983685751821382
yrhdgfy_3336,0.10552988672615
yrhdgfy_1408,0.0023613856826800285
yrhdgfy_4070,0.8419726981590856
yrhdgfy_1166,0.03736854132047905
yrhdgfy_4837,0.07771270905653155
yrhdgfy_4682,0.6286675955350435
yrhdgfy_4765,0.644343738991985
yrhdgfy_7743,0.4812748512471529
yrhdgfy_3902,0.02338917379904396
yrhdgfy_7730,0.7063207204786779
yrhdgfy_5270,0.008096660090822334
yrhdgfy_4452,0.2717141168546525
yrhdgfy_7875,0.14322676863061382
yrhdgfy_4784,0.007069095303066567
yrhdgfy_3607,0.676445304631704
yrhdgfy_2881,0.291375268700982
yrhdgfy_4002,0.027145401699128383
yrhdgfy_7184,0.43404259365335085
yrhdgfy_4661,0.5110351690440182
yrhdgfy_5841,0.1874496088106024
yrhdgfy_2107,0.006931872325556545
yrhdgfy_6709,0.9073295229469998
yrhdgfy_3353,0.9082570739874075
yrhdgfy_6645,0.020260516675602892
yrhdgfy_3520,0.8444025866733854
yrhdgfy_5708,0.6825013664989675
yrhdgfy_1041,0.7092238321357409
yrhdgfy_2978,0.024453877795980444
yrhdgfy_1606,0.2824836064231962
yrhdgfy_3308,0.6423430920647013
yrhdgfy_7782,0.10251496617656501
yrhdgfy_5935,0.22893673385744975
yrhdgfy_1852,0.003984727718722237
yrhdgfy_4723,0.23382004514415355
yrhdgfy_1129,0.71126690682665
yrhdgfy_5418,0.03767841343277478
yrhdgfy_5641,0.889980561285735
yrhdgfy_4553,0.6579735978324419
yrhdgfy_4009,0.8046776123410878
yrhdgfy_4910,0.4823460342025274
yrhdgfy_5873,0.13525352746861552
yrhdgfy_4848,0.7784651199767002
yrhdgfy_1265,0.5002157289745468
yrhdgfy_5874,0.13350467067853325
yrhdgfy_7905,0.08180655935756938
yrhdgfy_1195,0.00019530512633821406
yrhdgfy_7223,0.04779877412487679
yrhdgfy_4309,0.7752791180786976
yrhdgfy_2801,0.03540740973748786
yrhdgfy_4374,0.03196201519896688
yrhdgfy_2520,0.43812865697786285
yrhdgfy_5441,0.025793347683339126
yrhdgfy_5915,0.6203122517596312
yrhdgfy_4245,0.03720820427686084
yrhdgfy_3996,0.2431917341490894
yrhdgfy_3171,0.8353929874743892
yrhdgfy_7640,0.13374886684062795
yrhdgfy_5081,0.1616821296690354
yrhdgfy_7658,0.004077490411854726
yrhdgfy_4714,0.0699338032184562
yrhdgfy_4963,0.5688451177763922
yrhdgfy_1907,0.022885345619526324
yrhdgfy_5901,0.6282423037326177
yrhdgfy_1131,0.5377953004843766
yrhdgfy_4729,0.5140558591721721
yrhdgfy_5189,0.18958076322046155
yrhdgfy_6225,0.3292239553141012
yrhdgfy_4706,0.030618447563933292
yrhdgfy_6314,0.2244169350181824
yrhdgfy_5020,0.09084115929537613
yrhdgfy_7493,0.00757894682824719
yrhdgfy_3225,0.627126049892342
yrhdgfy_6418,0.5129347585767569
yrhdgfy_3965,0.46545491095948743
yrhdgfy_6634,0.6304028320633499
yrhdgfy_7580,0.02096835218213324
yrhdgfy_7432,0.08267494851420773
yrhdgfy_4985,0.001897443935047691
yrhdgfy_2896,0.30987679592983214
yrhdgfy_6305,0.37648540826194515
yrhdgfy_1386,0.8166611786989099
yrhdgfy_4230,0.33851737012888955
yrhdgfy_7140,0.3856306851785953
yrhdgfy_6108,0.43133269534882135
yrhdgfy_1280,0.27186059713717636
yrhdgfy_4939,0.2830159874153206
yrhdgfy_6032,0.3962882262358522
yrhdgfy_3561,0.00836343311499341
yrhdgfy_7437,0.8192756895730666
yrhdgfy_3450,0.7961810248804313
yrhdgfy_5865,0.8021338920271062
yrhdgfy_4404,0.021204298554152762
yrhdgfy_5358,0.5295075435012617
yrhdgfy_2771,0.09578184148223685
yrhdgfy_3511,0.10785234534511427
yrhdgfy_4958,0.3611871584171902
yrhdgfy_1720,0.6553382700064841
yrhdgfy_4349,0.9259107480721542
yrhdgfy_2174,0.33644438857342057
yrhdgfy_5633,0.23900187553554672
yrhdgfy_2706,0.44113403085938835
yrhdgfy_3460,0.312984075829443
yrhdgfy_4353,0.6834175862319092
yrhdgfy_6152,0.022162576884429394
yrhdgfy_3015,0.5974686719280939
yrhdgfy_1268,0.01345250235218702
yrhdgfy_2209,0.7911177950009547
yrhdgfy_3766,0.25873296379843413
yrhdgfy_4825,0.8113571901357189
yrhdgfy_3553,0.011406941620858653
yrhdgfy_6125,0.24363246126152358
yrhdgfy_5524,0.26682216461387287
yrhdgfy_2837,0.7999904166237124
yrhdgfy_4711,0.030569334783038755
yrhdgfy_2117,0.6849902774984403
yrhdgfy_4084,0.7903027892212494
yrhdgfy_6874,0.26023567974780787
yrhdgfy_7002,0.30052908510781207
yrhdgfy_4537,0.35247508065005667
yrhdgfy_5643,0.8599692088639648
yrhdgfy_6105,0.043640078184073366
yrhdgfy_8026,0.6172244538573489
yrhdgfy_5396,0.6838817495512156
yrhdgfy_7988,0.1482568124135635
yrhdgfy_6436,0.34534827720101013
yrhdgfy_7606,0.37712342973433377
yrhdgfy_6841,0.16515707905954047
yrhdgfy_3184,0.13909194087630092
yrhdgfy_2633,0.7511600065573553
yrhdgfy_5451,0.7445204442924198
yrhdgfy_6510,0.09632318071390174
yrhdgfy_6887,0.2549652302147359
yrhdgfy_8003,0.09350712428823185
yrhdgfy_2864,0.7346744318160596
yrhdgfy_5103,0.004205822471415967
yrhdgfy_6382,0.4229674187678866
yrhdgfy_7110,0.5747184396538436
yrhdgfy_5606,0.540809629646178
yrhdgfy_3819,0.09839989416485712
yrhdgfy_3897,0.11622009194766153
yrhdgfy_5753,0.22904407150313788
yrhdgfy_4165,0.3165039535150919
yrhdgfy_4091,0.038912311436229835
yrhdgfy_1563,0.4713892203043027
yrhdgfy_1704,0.6512887317568795
yrhdgfy_6792,0.006017517296629492
yrhdgfy_4067,0.5136056773190856
yrhdgfy_4652,0.0025244912467225957
yrhdgfy_6829,0.8914554854596073
yrhdgfy_2295,0.01475005597599355
yrhdgfy_3525,0.13956032879738467
yrhdgfy_7365,0.8455374240617634
yrhdgfy_3257,0.037862688053932156
yrhdgfy_4635,0.5330889434989623
yrhdgfy_7187,0.2907328954090904
yrhdgfy_5681,0.8736508434342402
yrhdgfy_5559,0.6881509994138106
yrhdgfy_5124,0.675058290608489
yrhdgfy_4414,0.7418175647355257
yrhdgfy_3247,0.11063749380626009
yrhdgfy_6908,0.9198691976773131
yrhdgfy_3463,0.001658066864007285
yrhdgfy_8011,0.8391577819833205
yrhdgfy_3224,0.013132390312575216
yrhdgfy_3981,0.5511868896623963
yrhdgfy_1520,0.7213391742725119
yrhdgfy_5346,0.8729903790985668
yrhdgfy_7957,0.09573100873039622
yrhdgfy_2598,0.7844423010889328
yrhdgfy_3568,0.05770273582091638
yrhdgfy_2634,0.574653423251129
yrhdgfy_3967,0.16247089972591972
yrhdgfy_7587,0.001422001293647539
yrhdgfy_3794,0.04104405211698441
yrhdgfy_7867,0.6616912177959959
yrhdgfy_4466,0.5764472281991381
yrhdgfy_7312,0.002080442009612533
yrhdgfy_1702,0.019887058234874647
yrhdgfy_5696,0.04824853718500589
yrhdgfy_6664,0.1748075096514928
yrhdgfy_4631,0.3338481598246349
yrhdgfy_6630,0.8584167069178259
yrhdgfy_7318,0.057017277911617405
yrhdgfy_6110,0.30327170682965304
yrhdgfy_4157,0.6614559334756378
yrhdgfy_7951,0.4245395610455549
yrhdgfy_3776,0.4532935754070394
yrhdgfy_5458,0.7472979273797759
yrhdgfy_7380,0.5941834471948791
yrhdgfy_7254,0.3533957331636237
yrhdgfy_1387,0.31859510622799747
yrhdgfy_3675,0.026767020555858778
yrhdgfy_3808,0.019484098316296293
yrhdgfy_6468,0.2055877522950605
yrhdgfy_7026,0.0031703915103279707
yrhdgfy_7325,0.8754128551546707
yrhdgfy_2785,0.3098384597069567
yrhdgfy_4745,0.4639840824050895
yrhdgfy_3344,0.10260291847780881
yrhdgfy_6527,0.06793099182888573
yrhdgfy_4200,0.20455705960567272
yrhdgfy_3883,0.7543804886774692
yrhdgfy_3175,0.6010192352551074
yrhdgfy_5042,0.904597791761129
yrhdgfy_6052,0.5972244820077762
yrhdgfy_5135,0.6664239936331755
yrhdgfy_5672,0.006052784814502022
yrhdgfy_6176,0.5913960660816833
yrhdgfy_4709,0.4568138104785507
yrhdgfy_3792,0.583592730070247
yrhdgfy_7968,0.2128889143090005
yrhdgfy_3606,0.04345412521357538
yrhdgfy_6523,0.1730629898042793
yrhdgfy_5467,0.40902743401574865
yrhdgfy_1864,0.1372709593770935
yrhdgfy_5310,0.769393163981258
yrhdgfy_4817,0.0071317407635387
yrhdgfy_3384,0.01910097437473888
yrhdgfy_4902,0.5648529416305154
yrhdgfy_4395,0.17397224090999472
yrhdgfy_3822,0.36317547979964
yrhdgfy_4899,0.005283952920232442
yrhdgfy_1970,0.16710795530711123
yrhdgfy_2471,0.19160818890319692
yrhdgfy_2047,0.24382938901965076
yrhdgfy_5579,0.07040259622727975
yrhdgfy_2526,0.45948213498182156
yrhdgfy_4145,0.5334714571907526
yrhdgfy_7438,0.04136365646914265
yrhdgfy_5508,0.01412431928094231
yrhdgfy_3046,0.5554257276709316
yrhdgfy_5599,0.38359417160508036
yrhdgfy_5724,0.48946630771089294
yrhdgfy_2569,0.07304117865214751
yrhdgfy_5365,0.006600346820725392
yrhdgfy_3705,0.711896771190321
yrhdgfy_1253,0.3079780850250356
yrhdgfy_5827,0.24821245549701748
yrhdgfy_5509,0.13519466692542473
yrhdgfy_5237,0.028317963575867633
yrhdgfy_4681,0.38107981351464093
yrhdgfy_3762,0.38299166505269305
yrhdgfy_2369,0.8653864059497268
yrhdgfy_2348,0.46583011618913267
yrhdgfy_7178,0.3164724593027498
yrhdgfy_2959,0.07422630751621498
yrhdgfy_2444,0.5300830792485578
yrhdgfy_2470,0.21601627716783378
yrhdgfy_7970,0.7598902296371502
yrhdgfy_3443,0.03752650191026284
yrhdgfy_3213,0.14469444134390913
yrhdgfy_7118,0.02376196067220249
yrhdgfy_2336,0.05901746300677189
yrhdgfy_3454,0.3177492505629285
yrhdgfy_7387,0.03547631382421947
yrhdgfy_1530,0.2119413070324845
yrhdgfy_6842,0.8584050313834826
yrhdgfy_4746,0.5187492930480393
yrhdgfy_4444,0.1170052729782076
yrhdgfy_6822,0.09865540374675762
yrhdgfy_7766,0.08214569167755685
yrhdgfy_5147,0.5869361574216458
yrhdgfy_3952,0.08043960483603842
yrhdgfy_6347,0.04129083654869736
yrhdgfy_2349,0.7577057853089804
yrhdgfy_5546,0.0026876765295019253
yrhdgfy_1948,0.7815702455331127
yrhdgfy_7436,0.001163587711736427
yrhdgfy_5165,0.005327720793635208
yrhdgfy_6731,0.5599097600515085
yrhdgfy_1824,0.06282651598161774
yrhdgfy_5852,0.2468634263584219
yrhdgfy_6863,0.7269956836943335
yrhdgfy_6781,0.2557823972997874
yrhdgfy_5469,0.8510781049207309
yrhdgfy_7764,0.5819444706136441
yrhdgfy_2878,0.037705752197623725
yrhdgfy_1052,0.012759151596663949
yrhdgfy_3240,0.13285014955465393
yrhdgfy_3438,0.3857377068968295
yrhdgfy_4485,0.4903366174956394
yrhdgfy_4931,0.7255526524974895
yrhdgfy_7807,0.6419478934711592
yrhdgfy_7704,0.38823780871236924
yrhdgfy_5880,0.3393949536339301
yrhdgfy_2190,0.12678350776800834
yrhdgfy_5826,0.5744943036898592
yrhdgfy_6409,0.11224411574127262
yrhdgfy_5406,0.2303942292855425
yrhdgfy_5515,0.109525946636788
yrhdgfy_4205,0.7962569173216406
yrhdgfy_6815,0.8519723215341004
yrhdgfy_5385,0.6568336141366187
yrhdgfy_2182,0.6046457578069451
yrhdgfy_7662,0.010955659805814469
yrhdgfy_1749,0.03499382179804955
yrhdgfy_8044,0.8107974489325827
yrhdgfy_5303,0.010147962396769693
yrhdgfy_4383,0.9334795270143837
yrhdgfy_2154,0.38750523201750736
yrhdgfy_6022,0.8437078671499721
yrhdgfy_6180,0.6986960237725099
yrhdgfy_4582,0.6243873373443245
yrhdgfy_7372,0.14494488103345432
yrhdgfy_4422,0.03398277813382392
yrhdgfy_6222,0.652349474186175
yrhdgfy_4937,0.13892249052920388
yrhdgfy_5389,0.03804001931831907
yrhdgfy_6584,0.08993082800110885
yrhdgfy_3285,0.4028071585344393
yrhdgfy_5330,0.7242845888562015
yrhdgfy_5592,0.0061480590483168444
yrhdgfy_4756,0.5901547182374405
yrhdgfy_1555,0.025638214253463538
yrhdgfy_6447,0.6614473810646089
yrhdgfy_2570,0.3874936283046709
yrhdgfy_3929,0.08834283114830736
yrhdgfy_5588,0.9502831710400551
yrhdgfy_3630,0.045015845285888666
yrhdgfy_2731,0.04464374122713673
yrhdgfy_5446,0.7115748872178269
yrhdgfy_2730,0.33060985154347117
yrhdgfy_7146,0.0011477226271693688
yrhdgfy_1621,0.20357464831888183
yrhdgfy_3513,0.8976538375321936
yrhdgfy_3164,0.8486559275553187
yrhdgfy_4088,0.8073941382619825
yrhdgfy_4925,0.44089436137050714
yrhdgfy_7547,0.6738050886580973
yrhdgfy_5259,0.009459410568669538
yrhdgfy_5323,0.08234500725498936
yrhdgfy_6060,0.8448139254529702
yrhdgfy_1219,0.02767905083219385
yrhdgfy_4231,0.44296106653573836
yrhdgfy_1270,0.5664003352655341
yrhdgfy_1067,0.8218647151719559
yrhdgfy_1452,0.06391560615166504
yrhdgfy_5848,0.08011259720691807
yrhdgfy_7588,0.001810800608641876
yrhdgfy_4204,0.04619569033827068
yrhdgfy_3799,0.3448013719129546
yrhdgfy_1510,0.79527191009589
yrhdgfy_6405,0.012833969013709295
yrhdgfy_3993,0.4806164134768134
yrhdgfy_1971,0.048090022341973536
yrhdgfy_4050,0.5236162284869395
yrhdgfy_7897,0.835984003674286
yrhdgfy_3779,0.632559613887136
yrhdgfy_5311,0.48970469106729053
yrhdgfy_5818,0.3165882690293958
yrhdgfy_2691,0.006713260152860565
yrhdgfy_6748,0.008781790705018408
yrhdgfy_5376,0.003089592101415831
yrhdgfy_7683,0.14099426763089773
yrhdgfy_1653,0.763210754175734
yrhdgfy_3734,0.2415611928321003
yrhdgfy_5850,0.6787430133810826
yrhdgfy_7084,0.6051399673530213
yrhdgfy_3089,0.5858348218780399
yrhdgfy_6182,0.5317955642007726
yrhdgfy_7882,0.6566486237996171
yrhdgfy_5668,0.023764935352651034
yrhdgfy_3508,0.006605642405232492
yrhdgfy_6367,0.6002878161716932
yrhdgfy_7185,0.006307646963554659
yrhdgfy_1287,0.6473446790841807
yrhdgfy_7721,0.755107234894665
yrhdgfy_2386,0.6932707064786707
yrhdgfy_6433,0.459973766603207
yrhdgfy_5090,0.08410195455345293
yrhdgfy_1216,0.008770358144559393
yrhdgfy_2392,0.6044965348576745
yrhdgfy_7368,0.896559595420153
yrhdgfy_6271,0.01603446217198738
yrhdgfy_5018,0.07998202932937763
yrhdgfy_3296,0.008319066308734555
yrhdgfy_2702,0.0059385831628301486
yrhdgfy_1252,0.36414185508911
yrhdgfy_7419,0.12480686994078814
yrhdgfy_6536,0.7781182211025901
yrhdgfy_7287,0.7695323680177344
yrhdgfy_5654,0.5113505084295025
yrhdgfy_6684,0.13949524815958983
yrhdgfy_3634,0.9133859050234402
yrhdgfy_4027,0.0564438289976259
yrhdgfy_1178,0.023990621905268933
yrhdgfy_2147,0.9109349103502865
yrhdgfy_3788,0.3156244707900056
yrhdgfy_5740,0.03523015035865465
yrhdgfy_2461,0.18217306490209584
yrhdgfy_2423,0.6195519008606812
yrhdgfy_1173,0.18722493610478555
yrhdgfy_6881,0.15260887034387385
yrhdgfy_3083,0.040146394876007595
yrhdgfy_1782,0.6986672727611966
yrhdgfy_7359,0.5185722791595382
yrhdgfy_2076,0.8962548278013791
yrhdgfy_6697,0.1514603325432893
yrhdgfy_5582,0.7094520903239806
yrhdgfy_4308,0.6679824778307221
yrhdgfy_2401,0.5770589315801831
yrhdgfy_2308,0.31716668056266495
yrhdgfy_6215,0.017607282673802644
yrhdgfy_5670,0.1980854543500685
yrhdgfy_7450,0.10155338007266318
yrhdgfy_1585,0.9044848763782376
yrhdgfy_1634,0.16534116542553615
yrhdgfy_2380,0.018340921754842525
yrhdgfy_2773,0.4962822722950905
yrhdgfy_4479,0.253482640390247
yrhdgfy_7668,0.3427214969052974
yrhdgfy_3145,0.1689233392154063
yrhdgfy_2219,0.001422001293647539
yrhdgfy_5985,0.3549983069768896
yrhdgfy_6957,0.29172414536167735
yrhdgfy_3687,0.3327210926771699
yrhdgfy_3299,0.8035455893221304
yrhdgfy_3668,0.2952897472766955
yrhdgfy_7681,0.007988252783528601
yrhdgfy_2775,0.8363887551910116
yrhdgfy_3774,0.3431725598024715
yrhdgfy_4068,0.754751750167653
yrhdgfy_4464,0.16789591704774579
yrhdgfy_1957,0.8068440399215975
yrhdgfy_2004,0.667484807181539
yrhdgfy_2610,0.6779404746659674
yrhdgfy_5677,0.13432775913675948
yrhdgfy_1655,0.005294243496856849
yrhdgfy_4475,0.5954790906664214
yrhdgfy_7869,0.9389682707391787
yrhdgfy_3039,0.8516160972883359
yrhdgfy_2062,0.709116676979275
yrhdgfy_3957,0.7609369199438277
yrhdgfy_6047,0.6018746998009031
yrhdgfy_5746,0.05081921787204823
yrhdgfy_7598,0.03517640532792101
yrhdgfy_2287,0.018173311257242798
yrhdgfy_5997,0.739107202894561
yrhdgfy_6456,0.01684314717344947
yrhdgfy_5661,0.43618032299679965
yrhdgfy_5494,0.24776941758756535
yrhdgfy_1142,0.8559893394710849
yrhdgfy_6106,0.3229621957015428
yrhdgfy_7469,0.5494137809488226
yrhdgfy_3654,0.6704794711257339
yrhdgfy_1306,0.006852054825341778
yrhdgfy_3311,0.14219454462761139
yrhdgfy_5283,0.0010409392050326819
yrhdgfy_5937,0.09063721501961493
yrhdgfy_7104,0.12000983447020412
yrhdgfy_7135,0.1649406129328039
yrhdgfy_2299,0.563596876153574
yrhdgfy_7909,0.016313603923759693
yrhdgfy_2753,0.12953558969131354
yrhdgfy_2586,0.43236538942389197
yrhdgfy_6809,0.22647849439851891
yrhdgfy_3426,0.047075800044149026
yrhdgfy_7348,0.4991739563260476
yrhdgfy_7046,0.6613204324035553
yrhdgfy_2210,0.39448321877938836
yrhdgfy_2742,0.9137332484822603
yrhdgfy_4511,0.10158829929855108
yrhdgfy_2667,0.6072651386974999
yrhdgfy_6857,0.4678205502377089
yrhdgfy_6759,0.0036304443942195156
yrhdgfy_7091,0.7574986318712013
yrhdgfy_5151,0.06703547192783817
yrhdgfy_3467,0.9410140695032535
yrhdgfy_1327,0.02723774052145002
yrhdgfy_7533,0.06612794487186259
yrhdgfy_4515,0.05496074438279965
yrhdgfy_7488,0.21311928567133223
yrhdgfy_1506,0.23559827359507646
yrhdgfy_2122,0.010629973626556695
yrhdgfy_6695,0.268886530656512
yrhdgfy_2870,0.7416766081147079
yrhdgfy_6575,0.04358488153758216
yrhdgfy_3153,0.6759875308851135
yrhdgfy_2442,0.7420728043626298
yrhdgfy_5557,0.5308459449416979
yrhdgfy_6322,0.03896433705538471
yrhdgfy_2827,0.00019530512633821406
yrhdgfy_7276,0.8090966427481073
yrhdgfy_3084,0.5243087249259178
yrhdgfy_4633,0.38146137000581853
yrhdgfy_1557,0.5802424916416565
yrhdgfy_7163,0.2592011706254582
yrhdgfy_7980,0.34186961242106856
yrhdgfy_6003,0.4483069759812912
yrhdgfy_3237,0.06942140276491159
yrhdgfy_1090,0.0007402960109260233
yrhdgfy_2780,0.2670615846854952
yrhdgfy_1677,0.5712583593631673
yrhdgfy_4888,0.8833229331354175
yrhdgfy_3159,0.863039076650605
yrhdgfy_6694,0.05999269235547151
yrhdgfy_1039,0.7620534924071333
yrhdgfy_2734,0.9169618313829464
yrhdgfy_5304,0.0036663899866144563
yrhdgfy_1328,0.5729326731212782
yrhdgfy_1896,0.5891942101344898
yrhdgfy_7942,0.35792227802491783
yrhdgfy_2446,0.43564617408258954
yrhdgfy_1620,0.25727353143938114
yrhdgfy_6265,0.0604454144115714
yrhdgfy_3202,0.014240074659146092
yrhdgfy_6113,0.8264182124388043
yrhdgfy_2169,0.588211880566938
yrhdgfy_3751,0.8012105195133986
yrhdgfy_4059,0.0490931973147043
yrhdgfy_3024,0.16689697822484728
yrhdgfy_6861,0.038889210979209325
yrhdgfy_1525,0.4331106347252781
yrhdgfy_7567,0.3348296528564828
yrhdgfy_1982,0.07753502963725843
yrhdgfy_1009,0.545879026588926
yrhdgfy_5477,0.07318843765986684
yrhdgfy_3209,0.484384483284656
yrhdgfy_3877,0.00648236115170072
yrhdgfy_4155,0.3479367824639048
yrhdgfy_7150,0.30907546661198176
yrhdgfy_7113,0.3445919121757748
yrhdgfy_4547,0.550034606607846
yrhdgfy_3476,0.10601802000366448
yrhdgfy_2120,0.1679358010593656
yrhdgfy_3014,0.2790969388404048
yrhdgfy_7975,0.39731478417550414
yrhdgfy_3482,0.04104874791973025
yrhdgfy_2929,0.7119550620000363
yrhdgfy_4647,0.0025926627628857176
yrhdgfy_3880,0.5809305272794563
yrhdgfy_7525,0.18668197086445668
yrhdgfy_3182,0.15720577132263458
yrhdgfy_5596,0.2780440844700581
yrhdgfy_1855,0.2335079289482454
yrhdgfy_6631,0.7612113322175091
yrhdgfy_7100,0.00587627378751907
yrhdgfy_5882,0.1546061179110407
yrhdgfy_1810,0.3191912609415934
yrhdgfy_6790,0.5944943623219018
yrhdgfy_5928,0.1720939919765743
yrhdgfy_1584,0.5196633079985329
yrhdgfy_2415,0.7257573123202321
yrhdgfy_2465,0.009979603345577886
yrhdgfy_5713,0.16717222471330578
yrhdgfy_2547,0.25290874113577244
yrhdgfy_2733,0.6541174010904295
yrhdgfy_6426,0.7690233120213776
yrhdgfy_5178,0.0010350542342209815
yrhdgfy_4969,0.043914417475086495
yrhdgfy_3775,0.05234178651563056
yrhdgfy_6884,0.23969353774001018
yrhdgfy_2818,0.0012960486486616222
yrhdgfy_6118,0.03546764201591283
yrhdgfy_5998,0.8400738751674504
yrhdgfy_1180,0.5350075865526832
yrhdgfy_5007,0.009243431946333562
yrhdgfy_1962,0.5719345209197351
yrhdgfy_2118,0.1329791943524879
yrhdgfy_2576,0.23791794922642615
yrhdgfy_4528,0.5957054444215092
yrhdgfy_3230,0.04668953561888084
yrhdgfy_7457,0.46167156249517377
yrhdgfy_1938,0.9008785273259838
yrhdgfy_5433,0.18368795010253008
yrhdgfy_5328,0.26844182141778317
yrhdgfy_4368,0.020172686618307272
yrhdgfy_5580,0.2866521647951254
yrhdgfy_2289,0.4344550453242319
yrhdgfy_1598,0.36513308576365455
yrhdgfy_1484,0.15267064094765845
yrhdgfy_1077,0.35092242976988297
yrhdgfy_3102,0.4571176137854178
yrhdgfy_4943,0.42060330305716004
yrhdgfy_6665,0.875100088838391
yrhdgfy_7303,0.011109628239030693
yrhdgfy_5695,0.557916112773509
yrhdgfy_5787,0.46380747840359654
yrhdgfy_7786,0.0681157252020365
yrhdgfy_4457,0.30263634035044074
yrhdgfy_1513,0.29048892763271805
yrhdgfy_7602,0.6752960713934616
yrhdgfy_1613,0.525787039643084
yrhdgfy_4853,0.01795522942116825
yrhdgfy_7830,0.1374981215312838
yrhdgfy_4705,0.6590887477010564
yrhdgfy_6539,0.40018531495085713
yrhdgfy_1056,0.8233216889761779
yrhdgfy_5368,0.035426920164749506
yrhdgfy_5252,0.2715820436647552
yrhdgfy_2638,0.4898315202801401
yrhdgfy_3506,0.004375868403319093
yrhdgfy_4473,0.35576261517848534
yrhdgfy_2480,0.20943728271947398
yrhdgfy_2048,0.6807291481874779
yrhdgfy_4779,0.21604145744822703
yrhdgfy_4740,0.5528785536256815
yrhdgfy_7614,0.07951775476786027
yrhdgfy_7247,0.6734056242922958
yrhdgfy_4872,0.5192194729092708
yrhdgfy_1340,0.03054738669377052
yrhdgfy_3903,0.823232390886804
yrhdgfy_7415,0.09721059490383942
yrhdgfy_7402,0.5598979531876054
yrhdgfy_5226,0.7352986529322162
yrhdgfy_2736,0.13069684809455528
yrhdgfy_6080,0.010413063718945906
yrhdgfy_2424,0.7916249588183528
yrhdgfy_5768,0.13704150866573425
yrhdgfy_1156,0.05294477801294318
yrhdgfy_5711,0.05516531874720922
yrhdgfy_4704,0.06560140842783908
yrhdgfy_6146,0.15050696947501957
yrhdgfy_5442,0.011103587844855762
yrhdgfy_4860,0.36398168351682597
yrhdgfy_5761,0.01357507131229289
yrhdgfy_6616,0.027203212460624362
